{
  "schemaVersion": 1,
  "id": "togglesprint",
  "version": "1.0.0",
  "name": "Toggle Sprint",
  "description": "A simple Toggle Sprint mod like Lunar Client",
  "authors": ["Mr Gamer IND"],
  "license": "MIT",
  "environment": "*",
  "entrypoints": {
    "main": [
      "com.mrgamerind.togglesprint.ToggleSprintMod"
    ],
    "client": [
      "com.mrgamerind.togglesprint.ToggleSprintClient"
    ]
  },
  "depends": {
    "fabricloader": ">=0.15.10",
    "fabric": "*",
    "minecraft": "1.21.1"
  }
}